<?xml version="1.0"?>
<SEA_Response xmlns="http://www.neustar.com/xsd/sea">
  <SEAHeader>
    <OrderID>249457</OrderID>
    <HistoryID />
    <OrderType>lsr_preorder</OrderType>
    <OrderVersion>1_0</OrderVersion>
    <OrderSubType>csr</OrderSubType>
    <TransactionID>249458</TransactionID>
    <Supplier>VZW</Supplier>
    <SupplierName />
    <SupplierInterfaceVersion>LSOG9</SupplierInterfaceVersion>
    <Customer>BHN_TST</Customer>
    <CustomerName>BHN</CustomerName>
    <UserID>bpeluser</UserID>
    <ApplyBusinessRules />
    <CustomerUse />
    <GroupName />
    <ActivityType />
    <Action>submit</Action>
    <Event>csr_parsed_response</Event>
    <rowkey />
    <InstanceID>143705</InstanceID>
    <product>CSR</product>
    <tn_count />
    <datetime>2007-03-28T23:25:53-05:00</datetime
  </SEAHeader>
  <SEAFault />
  <SEAResponse>
    <ResponseHeader />
    <ResponseBody />
    <LocalResponse />
    <CSRResponse>
      <ErrorDetails>
        <ErrorCode>300</ErrorCode>
        <ErrorDesc>Your request has been processed successfully.</ErrorDesc>
      </ErrorDetails>
      <CSRData>
        <TransactionInfo>
          <CCNA>BHS</CCNA>
          <TXNUM>BH8638744002550N</TXNUM>
          <ATN>863-874-4002</ATN>
          <DTSent>2007-03-28T10:08:00</DTSent>   
        </TransactionInfo>    
        <RestrictionInfo />
        <ServiceFeature>
          <CS>R</CS>    
          <LPIC>5448</LPIC>    
          <PIC>5483</PIC>    
          <FeatureList>     
            <Features>      
              <FeatureDetail>VZLD- VERIZON FREEDM DISPLAY</FeatureDetail>     
              <Feature>00506</Feature>    
            </Features>     
          </FeatureList>     
          <FQTY>1.00</FQTY>    
        </ServiceFeature>    
        <EndUserInfo>
          <Name>KOLB, MIKE A</Name>    
          <SANO>10121</SANO>    
          <SASN>QUINN</SASN>    
          <SATH>RD</SATH>     
          <City>POLK CITY</City>    
          <State>FL</State>    
          <ZipCode>33868-9054</ZipCode>    
        </EndUserInfo>    
        <DirectorySection>     
          <RTY>LML</RTY>     
          <LTY>1</LTY>     
          <STYC>SL</STYC>     
          <TOA>R</TOA>     
          <LTN>863-984-3134</LTN>     
          <ListNM>Kolb, Mike A</ListNM>     
          <LNLN>Kolb</LNLN>     
          <LNFN> Mike A</LNFN>     
          <LANO>10121</LANO>     
          <LASN> Quinn Rd</LASN>     
          <LALOC>Polk City</LALOC>    
          <LAZC>33868</LAZC>     
          <ALI>00100</ALI>    
        </DirectorySection>   
      </CSRData> 
    </CSRResponse> 
    <E911Response /> 
    <LIDBResponse />
  </SEAResponse>
</SEA_Response>