<?xml version="1.0" encoding="UTF-8"?><SEA_Response xmlns="http://www.neustar.com/xsd/sea">
   <SEAHeader>
      <OrderID>2146063</OrderID>
      <HistoryID>2146081</HistoryID>
      <OrderType>LOCAL_RESPONSE</OrderType>
      <OrderVersion>1_0</OrderVersion>
      <OrderSubType>PORTIN</OrderSubType>
      <TransactionID>2146064</TransactionID>
      <Supplier>BHN_COMM</Supplier>
      <SupplierInterfaceVersion>LSOG10</SupplierInterfaceVersion>
      <Customer>BHN_COMM</Customer>
      <UserID>anomse</UserID>
      <ApplyBusinessRules>Y</ApplyBusinessRules>
      <CustomerUse/>
      <GroupName/>
      <ActivityType/>
      <Action>receive</Action>
      <Event>LOCAL_RESPONSE</Event>
      <rowkey/>
      <InstanceID>5436207</InstanceID>
      <product>ESR</product>
      <tn_count/>
      <datetime>{DTSent}</datetime>
   </SEAHeader>
   <SEAResponse>
      <LocalResponse>
         <LSRFormData>
            <CCNA>BHN</CCNA>
            <PON>{PON}</PON>
            <VER>{VER}</VER>
            <ATN>{ATN}</ATN>
            <DTSent>{DTSent}</DTSent>
            <REP>Neustar Auto.</REP>
            <TELNO>111-222-3333</TELNO>
            <RT>A</RT>
            <DD>{DD}</DD>
            <DDTimeZone>US/Eastern</DDTimeZone>
            <RCode>107</RCode>
            <RDET>Invalid Customer and/or Address Information</RDET>
         </LSRFormData>
         <CircuitDetail>
            <LNUM>1</LNUM>
            <PortedNBR>{PortedNBR}</PortedNBR>
            <Remarks>
107  Address on order does not match LEC records. (7071LW23)</Remarks>
         </CircuitDetail>
      </LocalResponse>
   </SEAResponse>
</SEA_Response>