<?xml version="1.0"?>

<SEA_Response xmlns="http://www.neustar.com/xsd/sea">
   
  <SEAHeader>
      
    <OrderID>958075</OrderID>
      
    <HistoryID>958092</HistoryID>
      
    <OrderType>LOCAL_RESPONSE</OrderType>
      
    <OrderVersion>1_0</OrderVersion>
      
    <OrderSubType>ML PORTIN</OrderSubType>
      
    <TransactionID>958076</TransactionID>
      
    <Supplier>BHN_COMM</Supplier>
      
    <SupplierInterfaceVersion />
      
    <Customer>BHN_COMM</Customer>
      
    <UserID>anomse</UserID>
      
    <ApplyBusinessRules>Y</ApplyBusinessRules>
      
    <CustomerUse />
      
    <GroupName />
      
    <ActivityType />
      
    <Action>submit</Action>
      
    <Event>LOCAL_RESPONSE</Event>
      
    <rowkey />
      
    <InstanceID>7291012</InstanceID>
      
    <product>ESR</product>
      
    <tn_count>4</tn_count>
      
    <datetime>{DTSent}</datetime>
   
  </SEAHeader>
   
  <SEAResponse>
      
    <LocalResponse>
         
      <LSRFormData>
            
        <CCNA>BHN</CCNA>
            
        <PON>{PON}</PON>
            
        <VER>{VER}</VER>
            
        <ATN>{ATN}</ATN>
            
        <DTSent>{DTSent}</DTSent>
            
        <REP>Neustar Auto.</REP>
            
        <TELNO>111-222-3333</TELNO>
            
        <RT>A</RT>
            
        <DD>{DD}</DD>
            
        <DDTimeZone>US/Eastern</DDTimeZone>
            
        <RCode>150</RCode>
            
        <RDET>LSR Orders from Multi-line Bundle not received within interval.</RDET>
         
      </LSRFormData>
         
      <CircuitDetail>
            
        <LNUM>1</LNUM>
            
        <PortedNBR>{PortedNBR}</PortedNBR>
            
        <Remarks>LSR 1of4, 
LSR Orders from Multi-line Bundle not received within interval. (ML_NOT_RECIEVED_IN_TIME)</Remarks>
         
      </CircuitDetail>
      
    </LocalResponse>
   
  </SEAResponse>

</SEA_Response>

