<?xml version="1.0"?>

<SEA_Response xmlns="http://www.neustar.com/xsd/sea">
   
  <SEAHeader>
      
    <OrderID>1093880</OrderID>
      
    <HistoryID>1093971</HistoryID>
      
    <OrderType>LOCAL_RESPONSE</OrderType>
      
    <OrderVersion>1_0</OrderVersion>
      
    <OrderSubType>PORTIN</OrderSubType>
      
    <TransactionID>1093925</TransactionID>
      
    <Supplier>BHN_COMM</Supplier>
      
    <SupplierInterfaceVersion />
      
    <Customer>BHN_COMM</Customer>
      
    <UserID>anomse</UserID>
      
    <ApplyBusinessRules>Y</ApplyBusinessRules>
      
    <CustomerUse />
      
    <GroupName />
      
    <ActivityType />
      
    <Action>submit</Action>
      
    <Event>LOCAL_RESPONSE</Event>
      
    <rowkey />
      
    <InstanceID>1265383</InstanceID>
      
    <product>ESR</product>
      
    <tn_count />
      
    <datetime>{DTSent}</datetime>
   
  </SEAHeader>
   
  <SEAResponse>
      
    <LocalResponse>
         
      <LSRFormData>
            
        <CCNA>BHN</CCNA>
            
        <PON>{PON}</PON>
            
        <VER>{VER}</VER>
            
        <ATN>{ATN}</ATN>
            
        <DTSent>{DTSent}</DTSent>
            
        <REP>Neustar Auto.</REP>
            
        <TELNO>111-222-3333</TELNO>
            
        <RT>A</RT>
            
        <DD>{DD}</DD>
            
        <DDTimeZone>US/Eastern</DDTimeZone>
            
        <RCode>121</RCode>
            
        <RDET>LSR was already Completed on Ver 02</RDET>
         
      </LSRFormData>
         
      <CircuitDetail>
            
        <LNUM>1</LNUM>
            
        <PortedNBR>{PortedNBR}</PortedNBR>
            
        <Remarks>LSR 1of2;CSRNAME=SUMIT BAJAJ
LSR was already Completed on Ver 02 (LSR_ALREADY_COMPLETED)</Remarks>
         
      </CircuitDetail>
      
    </LocalResponse>
   
  </SEAResponse>

</SEA_Response>