<?xml version="1.0" encoding="UTF-8"?><SEA_Response xmlns="http://www.neustar.com/xsd/sea">
   <SEAHeader>
      <OrderID>2143511</OrderID>
      <HistoryID>2143651</HistoryID>
      <OrderType>LOCAL_RESPONSE</OrderType>
      <OrderVersion>1_0</OrderVersion>
      <OrderSubType>PORTIN</OrderSubType>
      <TransactionID>2143512</TransactionID>
      <Supplier>BHN_COMM</Supplier>
      <SupplierInterfaceVersion>LSOG10</SupplierInterfaceVersion>
      <Customer>BHN_COMM</Customer>
      <UserID>anomse</UserID>
      <ApplyBusinessRules>Y</ApplyBusinessRules>
      <CustomerUse/>
      <GroupName/>
      <ActivityType/>
      <Action>receive</Action>
      <Event>LOCAL_RESPONSE</Event>
      <rowkey/>
      <InstanceID>5365064</InstanceID>
      <product>ESR</product>
      <tn_count/>
      <datetime>{DTSent}</datetime>
   </SEAHeader>
   <SEAResponse>
      <LocalResponse>
         <LSRFormData>
            <CCNA>BHN</CCNA>
            <PON>{PON}</PON>
            <VER>{VER}</VER>
            <ATN>{ATN}</ATN>
            <DTSent>{DTSent}</DTSent>
            <REP>Neustar Auto.</REP>
            <TELNO>111-222-3333</TELNO>
            <RT>Z</RT>
            <DD>{DD}</DD>
            <DDTimeZone>US/Eastern</DDTimeZone>
            <RCode/>
            <RDET/>
         </LSRFormData>
         <CircuitDetail>
            <LNUM>1</LNUM>
            <PortedNBR></PortedNBR>
            <Remarks/>
         </CircuitDetail>
      </LocalResponse>
   </SEAResponse>
</SEA_Response>