<?xml version="1.0" encoding="UTF-8"?>
<Request xmlns="https://dpom.rr.com/XMLSchema" xmlns:xsi="http://www.w3.org/2001/XMLSchema-instance" xsi:schemaLocation="https://dpom.rr.com/XMLSchema http://dpom-texas.rr.com/XMLSchema/NewConnect.xsd"> 
<Header>
 <SRC>BHNOMS</SRC>
 <DEST>NSTR</DEST>
 <XactionType>NewConnection</XactionType> 
 </Header> 
 <NewConnection> 
 <LSRFormData>
 <CCNA>BHS</CCNA>
 <PON>BHN9142296609</PON> 
 <VER>01</VER>
 <ATN>8732926110</ATN>
 <DTSent>2011-05-13T06:35:24-04:00</DTSent> 
 <AUTHNM>UTLEY,CRAIG</AUTHNM>
 <AGAUTH>1</AGAUTH> 
 <DATED>2011-05-13T06:35:24-04:00</DATED> 
 <DDD>2011-05-27</DDD> 
 <DDDTimeZone>US/Eastern</DDDTimeZone> 
 <DFDT>1200</DFDT>
 <REQTYP>EB</REQTYP>
 <ACT>C</ACT>
 <ONSP>8018</ONSP>
 <OLSP>8018</OLSP>
 <TOA>R</TOA>
 <TOS>2BFN</TOS> 
 <BAN1>904Q887888888</BAN1>
 <BILLNM>Brighthouse Networks-TB</BILLNM>
 <Street>3030 North Rocky Point Dr</Street>
 <City>Tampa</City>
 <State>MA</State>
 <Zip>33607</Zip> 
 <BillCon>Ron Rodriguez</BillCon> 
 <BillTelNo>813-371-2280</BillTelNo> 
 <INIT>Ron Rodriguez</INIT>
 <TelNo>813-371-2280</TelNo>
 </LSRFormData> 
 <EUFormData>
 <Name FNAME="CRAIG" LNAME="UTLEY" MIDINT="">UTLEY,CRAIG</Name>
 <SANO>39146</SANO> 
 <SASN>OTIS ALLEN</SASN>
 <SATH>RD</SATH>
 <LD1>LOT</LD1>
 <LV1>129</LV1>
 <City>ZEPHYRHILLS</City>
 <State>MA</State> 
 <ZipCode>335403078</ZipCode> 
 <EATN>7247682170</EATN>
 <BILLNM>UTLEY,CRAIG</BILLNM>
 <TelNo>3174857207</TelNo> 
 </EUFormData> <RSFormData>
 <RSForm> <LNUM>1</LNUM>
 <LNA>C</LNA>
 <LTOS>2BFN</LTOS>
 <TNS>7247682170</TNS>
 <LPIC>2647</LPIC>
 <PIC>2647</PIC>
 <IPIC>2647</IPIC>
 <BA>A</BA> 
 <Block>A</Block> 
 <Privacy>0</Privacy>
 <CNam>UTLEY,CRAIG</CNam>
 </RSForm> </RSFormData>
 <Directory> 
 <DLForm> 
 <LACT>I</LACT> 
 <RTY>LML</RTY>
 <LTY>1</LTY> 
 <STYC>SL</STYC>
 <TOA>R</TOA>
 <DOI>0</DOI> 
 <DLNUM>1</DLNUM>
 <LTN>3174857207</LTN> 
 <LNLN>Utley</LNLN> 
 <LNFN>Craig</LNFN>
 <LANO>39146</LANO> 
 <LASN>OTIS ALLEN</LASN>
 <LATH>RD</LATH>
 <!-- <LALO>LOT 129</LALO> --> 
 <LALOC>ZEPHYRHILLS</LALOC>
 <LAST>FL</LAST> 
 <LAZC>335403078</LAZC> 
 <DML>O</DML> 
 <NOSL>Y</NOSL>
 </DLForm>
 <DLForm> 
 <LACT>O</LACT>
 <RTY>LML</RTY>
 <LTY>3</LTY>
 <STYC>SL</STYC>
 <TOA>R</TOA>
 <DOI>0</DOI>
 <DLNUM>1</DLNUM>
 <LTN>3174857207</LTN>
 <LNLN>Utley</LNLN> 
 <LNFN>Craig</LNFN>
 <LANO>39146</LANO>
 <LASN>OTIS ALLEN</LASN> 
 <LATH>RD</LATH> 
 <LALO>LOT 129</LALO>
 <LALOC>ZEPHYRHILLS</LALOC>
 <LAST>FL</LAST>
 <LAZC>335403078</LAZC> 
 </DLForm> 
 </Directory> 
 </NewConnection> 
 </Request> 
