<?xml version="1.0" encoding="UTF-8"?>
<Request xmlns="https://dpom.rr.com/XMLSchema" xmlns:xsi="http://www.w3.org/2001/XMLSchema-instance" xsi:schemaLocation="https://dpom.rr.com/XMLSchema http://dpom-texas.rr.com/XMLSchema/NewConnect.xsd">
<Header>
<SRC>BHNOMS</SRC>
<DEST>NSTR</DEST>
<XactionType>NewConnection</XactionType>
</Header><NewConnection>
<LSRFormData>
<CCNA>BHS</CCNA>
<PON>BHN9142296609</PON> 
 <VER>01</VER>
 <ATN>8732926110</ATN>
 <DTSent>2011-05-13T06:35:24-04:00</DTSent> 
 <AUTHNM>UTLEY,CRAIG</AUTHNM>
 <AGAUTH>1</AGAUTH> 
 <DATED>2011-05-13T06:35:24-04:00</DATED> 
 <DDD>2011-05-27</DDD> 
 <DDDTimeZone>US/Eastern</DDDTimeZone>
<DFDT>1200</DFDT>
<REQTYP>EB</REQTYP>
<ACT>C</ACT>
<SUP>1</SUP>
<MI>C</MI>
<ONSP>4285</ONSP>
<OLSP>4285</OLSP
><TOA>R</TOA>
<TOS>2BFN</TOS>
<BAN1>LNKBAN1</BAN1>
<BILLNM>LNKBILLNM</BILLNM>
<SBILLNM>LNKSBILLNM</SBILLNM>
<Street>123 LNK AV</Street>
<Floor>5</Floor>
<RoomMailStop>501</RoomMailStop>
<City>Lincoln</City>
<State>MA</State>
<Zip>90210</Zip>
<BillCon>LNKBILLCON</BillCon>
<BillTelNo>4165551212</BillTelNo>
<INIT>LNKINIT</INIT>
<TelNo>4165551213</TelNo>
<Email>lnkinit@twc.com</Email>
<IMPCON>LNKIMPCON</IMPCON>
<IMPCONTEL>4165551214</IMPCONTEL>
<IMPCONEMAIL>lnkimpcon@twc.com</IMPCONEMAIL>
<LSRRemarks>LSR 1of2</LSRRemarks></LSRFormData>
<EUFormData>
<Name FNAME="SumiT" LNAME="BAJAJ" MIDINT="">SumiT Bajaj</Name>
<SANO>119</SANO>
<SASN>Test </SASN>
<SATH>Miller</SATH>
<City>S PORTLAND</City>
<State>MA</State>
<ZipCode>12224</ZipCode>
<EATN>2482548055</EATN>
<BILLNM>Kiel Keene</BILLNM>
<Street>119 Miller Test</Street>
<BillCity>S PORTLAND</BillCity>
<BillState>8732926110</BillState>
<Zip>12224</Zip>
<Remarks>CSRNAME=</Remarks>
<BILLCON>Kiel Keene</BILLCON>
<TelNo>7026788654</TelNo>
</EUFormData><NPFormData><NPForm> 
<CNam>1</CNam>
<LNUM>A</LNUM>
<LNA>B</LNA> 
<Block>CKM</Block> 
<Privacy>true</Privacy>
<PortedNBR>8732926110</PortedNBR>
<BA>D</BA> 
<NPI>A</NPI> 
<FPI>J</FPI> 
<LPIC>C</LPIC>
 <PIC>D</PIC> 
 <IPIC>E</IPIC>
 <DI>A</DI>
 <LEAN>A</LEAN>
 <Remarks>sdkfjsd;</Remarks>
 </NPForm></NPFormData>
 <Directory>
 <DLForm>
 <LACT>I</LACT>
 <RTY>LML</RTY>
 <LTY>1</LTY>
 <STYC>SL</STYC>
 <TOA>R</TOA>
 <DOI>0</DOI>
 <DLNUM>1</DLNUM>
 <LTN>3864923820</LTN>
 <LNLN>Keene</LNLN>
 <LNFN>Kiel</LNFN>
 <Remarks>SIC:ASASSYPHV1231SIC:@:@!@;</Remarks>
 <ADI>O</ADI>
 <LANO>119</LANO>
 <LASN>Sumit Test</LASN>
 <LATH>Bajaj</LATH>
 <LALOC>S Bajaj</LALOC>
 <LAST>ME</LAST>
 <LAZC>041062954</LAZC>
 <DACT>N</DACT>
 <DATY>1</DATY>
 <Name>Seshu</Name>
 <DML>O</DML>
 <NOSL>Y</NOSL>
 <DIRLIST>
 <DIRTYPE>
 <DIRQTY>1</DIRQTY>
 <DIRTYP>W</DIRTYP>
 <DIRQTYA>1</DIRQTYA>
 </DIRTYPE></DIRLIST>
 </DLForm></Directory>
 </NewConnection>
 </Request>
