<Request xmlns="https://dpom.rr.com/XMLSchema" xmlns:xsi="http://www.w3.org/2001/XMLSchema-instance" xsi:schemaLocation="https://dpom.rr.com/XMLSchema http://dpom-texas.rr.com/XMLSchema/NewConnect.xsd">   
  <Header>   
  <SRC>BHNOMS</SRC>   
  <DEST>NSTR</DEST>        
  <XactionType>NewConnection</XactionType> 
  </Header>  
  <NewConnection>   
  <LSRFormData>     
  <CCNA>BHS</CCNA>      
  <PON>BHN6618438146</PON>       
  <VER>01</VER>    
  <ATN>6618438146</ATN>        
  <DTSent>2013-11-29T00:43:43-05:00</DTSent>       
  <AUTHNM>Kiel Keene</AUTHNM>        
  <AGAUTH>1</AGAUTH>        
  <DATED>2013-11-30T07:48:23-05:00</DATED>  
  <DDD>2013-12-13</DDD>   
  <DDDTimeZone>US/Eastern</DDDTimeZone>   
  <DFDT>1200</DFDT>      
  <REQTYP>EB</REQTYP>         
  <ACT>D</ACT>  
  <SUP>3</SUP>     
  <MI>C</MI>      
  <ONSP>4285</ONSP>      
  <OLSP>4285</OLSP>          
  <TOA>B</TOA>          
  <TOS>1AFN</TOS>     
  <BAN1>LNKBAN1</BAN1>      
  <BILLNM>LNKBILLNM</BILLNM>
  <SBILLNM>LNKSBILLNM</SBILLNM>  
  <Street>123 LNK AV</Street>     
  <Floor>5</Floor>          
  <RoomMailStop>501</RoomMailStop>      
  <City>Lincoln</City>            
  <State>MA</State>      
  <Zip>90210</Zip>            
  <BillCon>LNKBILLCON</BillCon>    
  <BillTelNo>4165551212</BillTelNo>       
  <INIT>LNKINIT</INIT>            
  <TelNo>4165551213</TelNo>       
  <Email>lnkinit@twc.com</Email>    
  <IMPCON>LNKIMPCON</IMPCON>        
  <IMPCONTEL>4165551214</IMPCONTEL>     
  <IMPCONEMAIL>lnkimpcon@twc.com</IMPCONEMAIL>   
  <LSRRemarks>LSR 2of2;Ravi Kukreja</LSRRemarks> 
  </LSRFormData>      
  <EUFormData>         
  <Name FNAME="SumiT" LNAME="BAJAJ" MIDINT="">SumiT Bajaj</Name>     
  <SANO>119</SANO>        
  <SASN>Test</SASN>        
  <SATH>Miller</SATH>      
  <City>S PORTLAND</City>  
  <State>MA</State>  
  <ZipCode>12224</ZipCode> 
  <EATN>6618438146</EATN>       
  <BILLNM>Kiel Keene</BILLNM>    
  <Street>119 Miller Test</Street>
  <BillState>MA</BillState>   
  <Zip>12224</Zip>      
  <Remarks>CSRNAME=</Remarks>     
  <BILLCON>Kiel Keene</BILLCON>   
  <TelNo>7026788654</TelNo>       
  </EUFormData>   
  <RSFormData>
  <LNUM>00001</LNUM>  
  <LNA>N</LNA>        
  <LTOS>2BFN</LTOS>
  <LPIC>0555</LPIC>   
  <PIC>0555</PIC>     
  <IPIC>0555</IPIC>   
  <BA>A</BA>          
  <Block>CKM</Block>  
  <Privacy>false</Privacy>    
  <CNam>HECK</CNam>           
  <FeatureList>                  
  <Features/>
  </RSForm>      
  </RSFormData>
  <DLForm>         
  <LACT>D</LACT>   
  <RTY>LML</RTY>   
  <LTY>1</LTY>     
  <STYC>SL</STYC>  
  <TOA>B</TOA>     
  <DOI>0</DOI>     
  <DLNUM>1</DLNUM> 
  <LTN>6618438146</LTN> 
  <LNLN>Keene</LNLN>  
  <LNFN>Kiel</LNFN>      
  <Remarks>SIC:ASASSYPHV1231SIC:@:@!@;</Remarks>     
  <ADI>O</ADI>              
  <LANO>119</LANO>          
  <LASN>Sumit Test</LASN>        
  <LATH>Bajaj</LATH>             
  <LALOC>S Bajaj</LALOC>         
  <LAST>ME</LAST>                
  <LAZC>041062954</LAZC>         
  <DATY>1</DATY>                 
  <Name>Seshu</Name>             
  <DML>O</DML>              
  <NOSL>Y</NOSL>           
  <DIRLIST>                
  <DIRTYPE>                
  <DIRQTY>1</DIRQTY>       
  <DIRTYP>W</DIRTYP>       
  <DIRQTYA>1</DIRQTYA>     
  </DIRTYPE>               
  </DIRLIST>        
  </DLForm>        
  </Directory>  
  </NewConnection> 
  </Request> 
