<Request xsi:schemaLocation="https://dpom.rr.com/XMLSchema http://mci-bhs.rr.com/XMLSchema/InstallComplete.xsd" xmlns="https://dpom.rr.com/XMLSchema" xmlns:xsi="http://www.w3.org/2001/XMLSchema-instance">     
  <Header>     
  <SRC>BHNOMS</SRC>    
  <DEST>NSTR</DEST>    
  <XactionType>InstallComplete</XactionType>      
  </Header>      
  <InstallComplete>        
  <CCNA>BHS</CCNA>     
  <PON>BHN9142296609</PON>     
  <VER>01</VER>     
  <INIT>Troy Quincy</INIT>     
  <TelNo>5550012016</TelNo>         
  <DTSent>2009-05-05T01:00:52</DTSent>    
  <RT>K</RT>    
  </InstallComplete> 
  </Request>
