<?xml version="1.0" encoding="UTF-8"?><Request xmlns="https://dpom.rr.com/XMLSchema" xmlns:xsi="http://www.w3.org/2001/XMLSchema-instance" xsi:schemaLocation="https://dpom.rr.com/XMLSchema http://dpom-texas.rr.com/XMLSchema/NewConnect.xsd">
<Header>
<SRC>BHNOMS</SRC>
<DEST>NSTR</DEST>
<XactionType>NewConnection</XactionType>
</Header>
<NewConnection>
<LSRFormData>
<CCNA>BHS</CCNA>
<PON>BHN6618438146</PON>
<VER>01</VER>
<ATN>6618438146</ATN>
<DTSent>2013-11-29T00:43:43-05:00</DTSent>
<AUTHNM>Kiel Keene</AUTHNM>
<AGAUTH>1</AGAUTH>
<DATED>2013-11-29T00:43:43-05:00</DATED>
<DDD>2013-12-13</DDD>
<DDDTimeZone>US/Eastern</DDDTimeZone>
<DFDT>1100</DFDT>
<REQTYP>CB</REQTYP>
<ACT>V</ACT>
<SUP>2</SUP>
<MI>C</MI>
<ONSP>418C</ONSP>
<OLSP>7280</OLSP>
<TOA>R</TOA>
<TOS>2BFN</TOS>
<BAN1>LNKBAN1232323</BAN1>
<BILLNM>LNKBILLNM</BILLNM>
<SBILLNM>LNKSBILLNM</SBILLNM>
<Street>123 LNK AV</Street>
<Floor>5</Floor>
<RoomMailStop>501</RoomMailStop>
<City>Lincoln</City>
<State>MA</State>
<Zip>20167</Zip>
<BillCon>LNKBILLCON</BillCon>
<BillTelNo>5550012016</BillTelNo>
<INIT>LNKINIT</INIT>
<TelNo>5550012016</TelNo>
<Email>lnkinit@twc.com</Email>
<IMPCON>LNKIMPCON</IMPCON>
<IMPCONTEL>5550012016</IMPCONTEL>
<IMPCONEMAIL>lnkimpcon@twc.com</IMPCONEMAIL>
<LSRRemarks>LSR 1of2:CSRNAME=SUMITBAJAJ:</LSRRemarks>
</LSRFormData>
<EUFormData>
<Name>SUMIT BAJAJ</Name>
<SANO>119</SANO>
<CSRName>SUMIT BAJAJ</CSRName>
<SASN>Test </SASN>
<SATH>MILL</SATH>
<City>SPORTLAND</City>
<State>CA</State>
<ZipCode>20167</ZipCode>
<EATN>7247682170</EATN>
<BILLNM>Kiel Keene</BILLNM>
<Street>119 Miller Test</Street>
<BillCity>SPORTLAND</BillCity>
<Zip>20167</Zip>
<BillState>CA</BillState>
<ELT>B</ELT>
<Remarks>LSR 2of2</Remarks>
<BILLCON>Kiel Keene</BILLCON>
<TelNo>5550012016</TelNo>
</EUFormData>
<NPFormData>
<NPForm>    <CNam>1</CNam>
<LNUM>00001</LNUM>
<LNA>B</LNA> <Block>CKM</Block>  <Privacy>true</Privacy>
<PortedNBR>6618438146</PortedNBR>     <BA>D</BA> <NPI>A</NPI> <FPI>J</FPI> <LPIC>C</LPIC>   <PIC>D</PIC>  <IPIC>E</IPIC> <DI>A</DI> <LEAN>A</LEAN> <TDT>1</TDT> <Remarks>sdkfjsd</Remarks>
</NPForm>
</NPFormData>
<Directory>
<DLForm>
<LACT>N</LACT>
<RTY>LML</RTY>
<LTY>1</LTY>
<STYC>SL</STYC>
<TOA>R</TOA>
<DOI>0</DOI>
<DLNUM>1</DLNUM>
<DLNM>1</DLNM>
<LTN>5550012016</LTN>
<LNLN>Keene</LNLN>
<LNFN>Sumit</LNFN>
<Remarks>SIC:1232;YPH:SECURE</Remarks>
<ADI>O</ADI>
<LANO>119</LANO>
<LASN>Seshu Test</LASN>
<LATH>Kumar</LATH>
<LALOC>S Kumar</LALOC>
<LAST>ME</LAST>
<LAZC>041062954</LAZC>
<DACT>N</DACT>
<DATY>1</DATY>
<Name>Seshu</Name>
<DML>O</DML>
<NOSL>Y</NOSL>
<DIRLIST>
<DIRTYPE>
<DIRQTY>1</DIRQTY>
<DIRTYP>W</DIRTYP>
<DIRQTYA>1</DIRQTYA>
</DIRTYPE>
</DIRLIST>
</DLForm>
</Directory>
</NewConnection>
</Request>
