<?xml version="1.0" encoding="UTF-8"?>
<Request xmlns="https://dpom.rr.com/XMLSchema" xmlns:xsi="http://www.w3.org/2001/XMLSchema-instance" xsi:schemaLocation="https://dpom.rr.com/XMLSchema http://dpom-texas.rr.com/XMLSchema/NewConnect.xsd">
<Header>
<SRC>BHNOMS</SRC>
<DEST>NSTR</DEST>
<XactionType>NewConnection</XactionType>
</Header>
<NewConnection>
<LSRFormData>
<CCNA>BHS</CCNA>
<PON>BHN6618438146</PON>
   <VER>01</VER>
   <ATN>6618438146</ATN>
   <DTSent>2013-11-29T00:43:43-05:00</DTSent>
   <AUTHNM>Kiel Keene</AUTHNM>
   <AGAUTH>1</AGAUTH>
   <DATED>2013-11-30T07:48:23-05:00</DATED>
   <DDD>2013-12-13</DDD>
   <DDDTimeZone>US/Eastern</DDDTimeZone> 
<DFDT>1200</DFDT>
<!--<Project>BUNDLE6688</Project>-->
<REQTYP>EB</REQTYP>
<ACT>T</ACT>
<SUP>2</SUP>
<MI>C</MI>
<ONSP>4285</ONSP>
<OLSP>27D</OLSP>
<TOA>R</TOA>
<TOS>2BFN</TOS>
<BAN1>LNKBAN1</BAN1>
<BILLNM>LNKBILLNM</BILLNM>
<SBILLNM>LNKSBILLNM</SBILLNM>
<Street>123LNKAV</Street>
<Floor>5</Floor>
<RoomMailStop>501</RoomMailStop>
<City>Lincoln</City>
<State>MA</State>
<Zip>90210</Zip>
<BillCon>LNKBILLCON</BillCon>
<BillTelNo>4165551212</BillTelNo>
<INIT>LNKINIT</INIT>
<TelNo>4165551213</TelNo>
<Email>lnkinit@twc.com</Email>
<IMPCON>LNKIMPCON</IMPCON>
<IMPCONTEL>4165551214</IMPCONTEL>
<IMPCONEMAIL>lnkimpcon@twc.com</IMPCONEMAIL>
<LSRRemarks>LSR3of4</LSRRemarks>
</LSRFormData>
<EUFormData>
<Name FNAME="SumiT" MIDINT="" LNAME="BAJAJ">SumiTBajaj</Name>
<SANO>119</SANO>
<SASN>Test</SASN>
<SATH>Miller</SATH>
<City>SPORTLAND</City>
<State>MA</State>
<ZipCode>12224</ZipCode>
<EATN>6618438146</EATN>
<BILLNM>KielKeene</BILLNM>
<Street>119MillerTest</Street>
<BillCity>SPORTLAND</BillCity>
<BillState>6618438146</BillState>
<Zip>12224</Zip>
<Remarks>CSRNAME=</Remarks>
<BILLCON>KielKeene</BILLCON>
<TelNo>7026788654</TelNo>
</EUFormData>
 <!--<NPFormData><NPForm>
 <CNam>1</CNam>
 <LNUM>A</LNUM>
 <LNA>B</LNA>
 <Block>CKM</Block>
 <Privacy>true</Privacy>
 <PortedNBR>6618438146</PortedNBR>
 <BA>D</BA>
 <NPI>A</NPI>
 <FPI>J</FPI>
 <LPIC>C</LPIC>
 <PIC>D</PIC>
 <IPIC>E</IPIC>
 <DI>A</DI>
 <LEAN>A</LEAN>
 <Remarks>sdkfjsd;</Remarks>
 </NPForm>
 </NPFormData>-->
 <RSFormData><RSForm>
 <LNUM>00001</LNUM>
 <LNA>N</LNA>
 <LTOS>2BFN</LTOS>
 <TNS>6618438146</TNS>
 <LPIC>0555</LPIC>
 <PIC>0555</PIC>
 <IPIC>0555</IPIC>
 <BA>A</BA>
 <Block>CKM</Block>
 <Privacy>false</Privacy>
 <CNam>HECK</CNam>
 <FeatureList>
 <Features/>
 </FeatureList>
 </RSForm>
 </RSFormData>
 <Directory>
 <DLForm>
 <LACT>I</LACT>
 <RTY>LML</RTY>
 <LTY>1</LTY>
 <STYC>SL</STYC>
 <TOA>R</TOA>
 <DOI>0</DOI>
 <DLNUM>1</DLNUM>
 <LTN>6618438146</LTN>
 <LNLN>Keene</LNLN>
 <LNFN>Kiel</LNFN>
 <Remarks>SIC:ASASSYPHV1231SIC:@:@!@;</Remarks>
 <ADI>O</ADI>
 <LANO>119</LANO>
 <LASN>SumitTest</LASN>
 <LATH>Bajaj</LATH>
 <LALOC>SBajaj</LALOC>
 <LAST>ME</LAST>
 <LAZC>041062954</LAZC>
 <DACT>N</DACT>
 <DATY>1</DATY>
 <Name>Seshu</Name>
 <DML>O</DML>
 <NOSL>Y</NOSL>
 <DIRLIST>
 <DIRTYPE>
 <DIRQTY>1</DIRQTY>
 <DIRTYP>W</DIRTYP>
 <DIRQTYA>1</DIRQTYA>
 </DIRTYPE>
 </DIRLIST>
 </DLForm>
 </Directory>
 </NewConnection>
 </Request>