<?xml version="1.0" encoding="UTF-8"?>
<Request xmlns="https://dpom.rr.com/XMLSchema" xmlns:xsi="http://www.w3.org/2001/XMLSchema-instance" xsi:schemaLocation="https://dpom.rr.com/XMLSchema http://dpom-texas.rr.com/XMLSchema/NewConnect.xsd"> 
<Header>
 <SRC>BHNOMS</SRC>
 <DEST>NSTR</DEST> 
 <XactionType>NewConnection</XactionType> 
 </Header> 
 <NewConnection>
 <LSRFormData>
 <CCNA>IN9</CCNA> 
 <PON>BHN6956112099</PON> 
 <VER>01</VER>
 <ATN>2482543902</ATN>
 <DTSent>2014-12-02T05:57:45-05:00</DTSent> 
 <DDD>2014-12-16</DDD> 
 <DDDTimeZone>US/Eastern</DDDTimeZone>
 <DFDT>1200</DFDT> <REQTYP>EB</REQTYP>
 <ACT>T</ACT>
 <TOA>R</TOA>
 <TOS>2BFN</TOS>
 <BAN1>904Q887888888</BAN1> 
 <BILLNM>Brighthouse Networks-IN</BILLNM>
 <Street>3030  Roosevelt Ave</Street> 
 <City>Indianapolis</City> 
 <State>AR</State>
 <Zip>46218</Zip> 
 <BillCon>Cherrie Gutzmer</BillCon> 
 <BillTelNo>6329077339</BillTelNo> 
 <INIT>Robert P. Smith</INIT> 
 <TelNo>317-713-3896</TelNo>
 <LSRRemarks>MSTR/STATE AVEMCOM/INDIANAPOLIS</LSRRemarks> 
 </LSRFormData>
 <EUFormData> 
 <Name FNAME="Delbert" LNAME="Dale" MIDINT="">Dale,Delbert </Name>
 <SANO>1033</SANO> 
 <SASD>S</SASD>
 <SASN>STATE</SASN> 
 <SATH>AVE</SATH> 
 <City>INDIANAPOLIS</City> 
 <State>AR</State> 
 <ZipCode>462031355</ZipCode> 
 <EATN>0</EATN> 
 <BILLNM>Dale,Delbert </BILLNM> 
 <Street>1033 S STATE AVE</Street> 
 <BillCity>INDIANAPOLIS</BillCity> 
 <BillState>IN</BillState>
 <Zip>462031355</Zip>
 </EUFormData> 
 <RSFormData> 
 <RSForm>
 <LNUM>1</LNUM> 
 <LNA>T</LNA> 
 <LTOS>2BFN</LTOS>
 <TNS>2482543902</TNS> 
 <LPIC>2647</LPIC> 
 <PIC>2647</PIC> 
 <IPIC>2647</IPIC>
 <BA>A</BA>
 <Block>A</Block> 
 <Privacy>0</Privacy>
 <CNam>DALE, DELBERT</CNam> 
 </RSForm>
 </RSFormData>
 <Directory> 
 <DLForm>
 <LACT>I</LACT> 
 <RTY>LML</RTY> 
 <LTY>1</LTY> 
 <STYC>SL</STYC>
 <TOA>R</TOA> 
 <DOI>0</DOI> 
 <DLNUM>1</DLNUM> 
 <LTN>2482543902</LTN> 
 <LNLN>Dale</LNLN> 
 <LNFN>Delbert</LNFN>
 <TITLE1>Mr</TITLE1> 
 <LANO>1033</LANO> 
 <LASD>S</LASD> 
 <LASN>State</LASN> 
 <LATH>Ave</LATH> 
 <LALOC>Indianapolis</LALOC> 
 <LAST>CA</LAST> 
 <LAZC>462031355</LAZC> 
 <DML>O</DML>
 <NOSL>Y</NOSL> 
 </DLForm> 
 <DLForm> 
 <LACT>O</LACT>
 <RTY>LML</RTY> 
 <LTY>1</LTY> 
 <STYC>SL</STYC>
 <TOA>R</TOA> 
 <DOI>0</DOI> 
 <DLNUM>1</DLNUM> 
 <LTN>2482543902</LTN>
 <LNLN>Dale</LNLN>
 <LNFN>Delbert</LNFN> 
 <TITLE1>Mr</TITLE1> 
 <LANO>5350</LANO>
 <LASN>Falcon</LASN> 
 <LATH>Ln</LATH> 
 <LALOC>Indianapolis</LALOC> 
 <LAST>CA</LAST>
 <LAZC>462241421</LAZC>
 <DATY>1</DATY>
 <Name>MR DELBERT DALE</Name> 
 <DIRLIST>
 <DIRTYPE/>
 </DIRLIST>
 </DLForm> 
 </Directory> 
 </NewConnection> 
 </Request>